{"speed_medium": {"coast_mm": 70.0, "mm_s": 380.0, "d1": 450.0, "d2": 830.0}, "t90_right": 0.32142856, "speed_slow": {"coast_mm": 20.0, "mm_s": 290.0, "d1": 310.0, "d2": 600.0}, "geometry": {"sensor_to_rear_axle_mm": 120.0, "diag_mm": 233, "width_mm": 160.0, "length_mm": 170.0, "side_sensor_height_mm": 20.0}, "t90_left": 0.48387096, "speed_fast": {"coast_mm": 100.0, "mm_s": 500.0, "d1": 600.0, "d2": 1100.0}, "side_offset_mean": 6, "side_curve": [[50, 44, 41, 49, 0], [100, 103, 98, 109, 0], [150, 154, 151, 157, 0], [200, 204, 201, 210, 0], [300, 313, 310, 317, 0], [500, 519, 514, 526, 0]], "trim": {"A": 1.0, "B": 0.9223683}}